epoch,time,train/box_loss,train/cls_loss,train/dfl_loss,metrics/precision(B),metrics/recall(B),metrics/mAP50(B),metrics/mAP50-95(B),val/box_loss,val/cls_loss,val/dfl_loss,lr/pg0,lr/pg1,lr/pg2
1,507.495,0.84562,-4.72834,1.33197,0.91137,0.83367,0.8732,0.53811,0.91652,2.44448,0.92215,0.00332574,0.00332574,0.00332574
2,1290.47,0.82323,-6.5999,1.28417,0.65709,0.17084,0.16834,0.10032,1.12278,2.67005,1.13992,0.00659315,0.00659315,0.00659315
3,2102.57,0.9007,-7.48122,1.35263,0.87186,0.58398,0.6174,0.41238,0.8987,1.37027,0.93253,0.00979456,0.00979456,0.00979456
4,2980.67,0.89577,-8.83391,1.34131,0.89332,0.82456,0.88464,0.56025,0.95953,1.51114,0.96851,0.009703,0.009703,0.009703
